{
    "confidence_score": 0.8448007702827454,
    "ptm": 0.9488414525985718,
    "iptm": 0.9387761354446411,
    "ligand_iptm": 0.0,
    "protein_iptm": 0.9387761354446411,
    "complex_plddt": 0.8213068842887878,
    "complex_iplddt": 0.7665861248970032,
    "complex_pde": 0.3672589659690857,
    "complex_ipde": 0.752466082572937,
    "chains_ptm": {
        "0": 0.9595776796340942,
        "1": 0.9385678172111511
    },
    "pair_chains_iptm": {
        "0": {
            "0": 0.9595776796340942,
            "1": 0.9153487682342529
        },
        "1": {
            "0": 0.9387761354446411,
            "1": 0.9385678172111511
        }
    }
}